192.168.210.17 , 192.168.210.16 , 192.168.210.15 , 192.168.210.14,192.168.210.13,
192.168.21.17 , 192.168.21.16 , 192.168.21.15 , 192.168.21.14,192.168.21.13,

192.168.210.17 , 192.168.210.16 , 192.168.210.15 , 192.168.210.14,192.168.210.13,
192.168.21.17 , 192.168.21.16 , 192.168.21.15 , 192.168.21.14,192.168.21.13,
192.168.210.17 , 192.168.210.16 , 192.168.210.15 , 192.168.210.14,192.168.210.13,
192.168.21.17 , 192.168.21.16 , 192.168.21.15 , 192.168.21.14,192.168.21.13,
192.168.210.17 , 192.168.210.16 , 192.168.210.15 , 192.168.210.14,192.168.210.13,
192.168.21.17 , 192.168.21.16 , 192.168.21.15 , 192.168.21.14,192.168.21.13,
192.168.210.17 , 192.168.210.16 , 192.168.210.15 , 192.168.210.14,192.168.210.13,
192.168.21.17 , 192.168.21.16 , 192.168.21.15 , 192.168.21.14,192.168.21.13,
192.168.210.17 , 192.168.210.16 , 192.168.210.15 , 192.168.210.14,192.168.210.13,
192.168.21.17 , 192.168.21.16 , 192.168.21.15 , 192.168.21.14,192.168.21.13,
192.168.210.17 , 192.168.210.16 , 192.168.210.15 , 192.168.210.14,192.168.210.13,
192.168.21.17 , 192.168.21.16 , 192.168.21.15 , 192.168.21.14,192.168.21.13,
192.168.210.17 , 192.168.210.16 , 192.168.210.15 , 192.168.210.14,192.168.210.13,
192.168.21.17 , 192.168.21.16 , 192.168.21.15 , 192.168.21.14,192.168.21.13,
192.168.210.17 , 192.168.210.16 , 192.168.210.15 , 192.168.210.14,192.168.210.13,
192.168.21.17 , 192.168.21.16 , 192.168.21.15 , 192.168.21.14,192.168.21.13,
192.168.210.17 , 192.168.210.16 , 192.168.210.15 , 192.168.210.14,192.168.210.13,
192.168.21.17 , 192.168.21.16 , 192.168.21.15 , 192.168.21.14,192.168.21.13,
192.168.210.17 , 192.168.210.16 , 192.168.210.15 , 192.168.210.14,192.168.210.13,
192.168.21.17 , 192.168.21.16 , 192.168.21.15 , 192.168.21.14,192.168.21.13,
192.168.210.17 , 192.168.210.16 , 192.168.210.15 , 192.168.210.14,192.168.210.13,
192.168.21.17 , 192.168.21.16 , 192.168.21.15 , 192.168.21.14,192.168.21.13,
192.168.210.17 , 192.168.210.16 , 192.168.210.15 , 192.168.210.14,192.168.210.13,
192.168.21.17 , 192.168.21.16 , 192.168.21.15 , 192.168.21.14,192.168.21.13,
192.168.210.17 , 192.168.210.16 , 192.168.210.15 , 192.168.210.14,192.168.210.13,
192.168.21.17 , 192.168.21.16 , 192.168.21.15 , 192.168.21.14,192.168.21.13,
192.168.210.17 , 192.168.210.16 , 192.168.210.15 , 192.168.210.14,192.168.210.13,
192.168.21.17 , 192.168.21.16 , 192.168.21.15 , 192.168.21.14,192.168.21.13,
192.168.210.17 , 192.168.210.16 , 192.168.210.15 , 192.168.210.14,192.168.210.13,
192.168.21.17 , 192.168.21.16 , 192.168.21.15 , 192.168.21.14,192.168.21.13,

192.168.210.17 , 192.168.210.16 , 192.168.210.15 , 192.168.210.14,192.168.210.13,
192.168.21.17 , 192.168.21.16 , 192.168.21.15 , 192.168.21.14,192.168.21.13,
192.168.210.17 , 192.168.210.16 , 192.168.210.15 , 192.168.210.14,192.168.210.13,
192.168.21.17 , 192.168.21.16 , 192.168.21.15 , 192.168.21.14,192.168.21.13,
192.168.210.17 , 192.168.210.16 , 192.168.210.15 , 192.168.210.14,192.168.210.13,
192.168.21.17 , 192.168.21.16 , 192.168.21.15 , 192.168.21.14,192.168.21.13,
192.168.210.17 , 192.168.210.16 , 192.168.210.15 , 192.168.210.14,192.168.210.13,
192.168.21.17 , 192.168.21.16 , 192.168.21.15 , 192.168.21.14,192.168.21.13,
192.168.210.17 , 192.168.210.16 , 192.168.210.15 , 192.168.210.14,192.168.210.13,
192.168.21.17 , 192.168.21.16 , 192.168.21.15 , 192.168.21.14,192.168.21.13,
192.168.210.17 , 192.168.210.16 , 192.168.210.15 , 192.168.210.14,192.168.210.13,
192.168.21.17 , 192.168.21.16 , 192.168.21.15 , 192.168.21.14,192.168.21.13,
192.168.210.17 , 192.168.210.16 , 192.168.210.15 , 192.168.210.14,192.168.210.13,
192.168.21.17 , 192.168.21.16 , 192.168.21.15 , 192.168.21.14,192.168.21.13,
192.168.210.17 , 192.168.210.16 , 192.168.210.15 , 192.168.210.14,192.168.210.13,
192.168.21.17 , 192.168.21.16 , 192.168.21.15 , 192.168.21.14,192.168.21.13,
192.168.210.17 , 192.168.210.16 , 192.168.210.15 , 192.168.210.14,192.168.210.13,
192.168.21.17 , 192.168.21.16 , 192.168.21.15 , 192.168.21.14,192.168.21.13,
192.168.210.17 , 192.168.210.16 , 192.168.210.15 , 192.168.210.14,192.168.210.13,
192.168.21.17 , 192.168.21.16 , 192.168.21.15 , 192.168.21.14,192.168.21.13,
192.168.210.17 , 192.168.210.16 , 192.168.210.15 , 192.168.210.14,192.168.210.13,
192.168.21.17 , 192.168.21.16 , 192.168.21.15 , 192.168.21.14,192.168.21.13,
192.168.210.17 , 192.168.210.16 , 192.168.210.15 , 192.168.210.14,192.168.210.13,
192.168.21.17 , 192.168.21.16 , 192.168.21.15 , 192.168.21.14,192.168.21.13,
192.168.210.17 , 192.168.210.16 , 192.168.210.15 , 192.168.210.14,192.168.210.13,
192.168.21.17 , 192.168.21.16 , 192.168.21.15 , 192.168.21.14,192.168.21.13,
192.168.210.17 , 192.168.210.16 , 192.168.210.15 , 192.168.210.14,192.168.210.13,
192.168.21.17 , 192.168.21.16 , 192.168.21.15 , 192.168.21.14,192.168.21.13,
192.168.210.17 , 192.168.210.16 , 192.168.210.15 , 192.168.210.14,192.168.210.13,
192.168.21.17 , 192.168.21.16 , 192.168.21.15 , 192.168.21.14,192.168.21.13,

192.168.210.17 , 192.168.210.16 , 192.168.210.15 , 192.168.210.14,192.168.210.13,
192.168.21.17 , 192.168.21.16 , 192.168.21.15 , 192.168.21.14,192.168.21.13,
192.168.210.17 , 192.168.210.16 , 192.168.210.15 , 192.168.210.14,192.168.210.13,
192.168.21.17 , 192.168.21.16 , 192.168.21.15 , 192.168.21.14,192.168.21.13,
192.168.210.17 , 192.168.210.16 , 192.168.210.15 , 192.168.210.14,192.168.210.13,
192.168.21.17 , 192.168.21.16 , 192.168.21.15 , 192.168.21.14,192.168.21.13,
192.168.210.17 , 192.168.210.16 , 192.168.210.15 , 192.168.210.14,192.168.210.13,
192.168.21.17 , 192.168.21.16 , 192.168.21.15 , 192.168.21.14,192.168.21.13,
192.168.210.17 , 192.168.210.16 , 192.168.210.15 , 192.168.210.14,192.168.210.13,
192.168.21.17 , 192.168.21.16 , 192.168.21.15 , 192.168.21.14,192.168.21.13,
192.168.210.17 , 192.168.210.16 , 192.168.210.15 , 192.168.210.14,192.168.210.13,
192.168.21.17 , 192.168.21.16 , 192.168.21.15 , 192.168.21.14,192.168.21.13,
192.168.210.17 , 192.168.210.16 , 192.168.210.15 , 192.168.210.14,192.168.210.13,
192.168.21.17 , 192.168.21.16 , 192.168.21.15 , 192.168.21.14,192.168.21.13,
192.168.210.17 , 192.168.210.16 , 192.168.210.15 , 192.168.210.14,192.168.210.13,
192.168.21.17 , 192.168.21.16 , 192.168.21.15 , 192.168.21.14,192.168.21.13,
192.168.210.17 , 192.168.210.16 , 192.168.210.15 , 192.168.210.14,192.168.210.13,
192.168.21.17 , 192.168.21.16 , 192.168.21.15 , 192.168.21.14,192.168.21.13,
192.168.210.17 , 192.168.210.16 , 192.168.210.15 , 192.168.210.14,192.168.210.13,
192.168.21.17 , 192.168.21.16 , 192.168.21.15 , 192.168.21.14,192.168.21.13,
192.168.210.17 , 192.168.210.16 , 192.168.210.15 , 192.168.210.14,192.168.210.13,
192.168.21.17 , 192.168.21.16 , 192.168.21.15 , 192.168.21.14,192.168.21.13,
192.168.210.17 , 192.168.210.16 , 192.168.210.15 , 192.168.210.14,192.168.210.13,
192.168.21.17 , 192.168.21.16 , 192.168.21.15 , 192.168.21.14,192.168.21.13,
192.168.210.17 , 192.168.210.16 , 192.168.210.15 , 192.168.210.14,192.168.210.13,
192.168.21.17 , 192.168.21.16 , 192.168.21.15 , 192.168.21.14,192.168.21.13,
192.168.210.17 , 192.168.210.16 , 192.168.210.15 , 192.168.210.14,192.168.210.13,
192.168.21.17 , 192.168.21.16 , 192.168.21.15 , 192.168.21.14,192.168.21.13,
192.168.210.17 , 192.168.210.16 , 192.168.210.15 , 192.168.210.14,192.168.210.13,
192.168.21.17 , 192.168.21.16 , 192.168.21.15 , 192.168.21.14,192.168.21.13,

192.168.210.17 , 192.168.210.16 , 192.168.210.15 , 192.168.210.14,192.168.210.13,
192.168.21.17 , 192.168.21.16 , 192.168.21.15 , 192.168.21.14,192.168.21.13,
192.168.210.17 , 192.168.210.16 , 192.168.210.15 , 192.168.210.14,192.168.210.13,
192.168.21.17 , 192.168.21.16 , 192.168.21.15 , 192.168.21.14,192.168.21.13,
192.168.210.17 , 192.168.210.16 , 192.168.210.15 , 192.168.210.14,192.168.210.13,
192.168.21.17 , 192.168.21.16 , 192.168.21.15 , 192.168.21.14,192.168.21.13,
192.168.210.17 , 192.168.210.16 , 192.168.210.15 , 192.168.210.14,192.168.210.13,
192.168.21.17 , 192.168.21.16 , 192.168.21.15 , 192.168.21.14,192.168.21.13,
192.168.210.17 , 192.168.210.16 , 192.168.210.15 , 192.168.210.14,192.168.210.13,
192.168.21.17 , 192.168.21.16 , 192.168.21.15 , 192.168.21.14,192.168.21.13,
192.168.210.17 , 192.168.210.16 , 192.168.210.15 , 192.168.210.14,192.168.210.13,
192.168.21.17 , 192.168.21.16 , 192.168.21.15 , 192.168.21.14,192.168.21.13,
192.168.210.17 , 192.168.210.16 , 192.168.210.15 , 192.168.210.14,192.168.210.13,
192.168.21.17 , 192.168.21.16 , 192.168.21.15 , 192.168.21.14,192.168.21.13,
192.168.210.17 , 192.168.210.16 , 192.168.210.15 , 192.168.210.14,192.168.210.13,
192.168.21.17 , 192.168.21.16 , 192.168.21.15 , 192.168.21.14,192.168.21.13,
192.168.210.17 , 192.168.210.16 , 192.168.210.15 , 192.168.210.14,192.168.210.13,
192.168.21.17 , 192.168.21.16 , 192.168.21.15 , 192.168.21.14,192.168.21.13,
192.168.210.17 , 192.168.210.16 , 192.168.210.15 , 192.168.210.14,192.168.210.13,
192.168.21.17 , 192.168.21.16 , 192.168.21.15 , 192.168.21.14,192.168.21.13,
192.168.210.17 , 192.168.210.16 , 192.168.210.15 , 192.168.210.14,192.168.210.13,
192.168.21.17 , 192.168.21.16 , 192.168.21.15 , 192.168.21.14,192.168.21.13,
192.168.210.17 , 192.168.210.16 , 192.168.210.15 , 192.168.210.14,192.168.210.13,
192.168.21.17 , 192.168.21.16 , 192.168.21.15 , 192.168.21.14,192.168.21.13,
192.168.210.17 , 192.168.210.16 , 192.168.210.15 , 192.168.210.14,192.168.210.13,
192.168.21.17 , 192.168.21.16 , 192.168.21.15 , 192.168.21.14,192.168.21.13,
192.168.210.17 , 192.168.210.16 , 192.168.210.15 , 192.168.210.14,192.168.210.13,
192.168.21.17 , 192.168.21.16 , 192.168.21.15 , 192.168.21.14,192.168.21.13,
192.168.210.17 , 192.168.210.16 , 192.168.210.15 , 192.168.210.14,192.168.210.13,
192.168.21.17 , 192.168.21.16 , 192.168.21.15 , 192.168.21.14,192.168.21.13
